{
    "name": "child_load_pipeline",
    "properties": {
        "description": "Hello from NDC Sydney!!!",
        "activities": [
            {
                "name": "ForEach1",
                "type": "ForEach",
                "dependsOn": [
                    {
                        "activity": "Filter1",
                        "dependencyConditions": [
                            "Succeeded"
                        ]
                    }
                ],
                "userProperties": [],
                "typeProperties": {
                    "items": {
                        "value": "@activity('Filter1').output.value",
                        "type": "Expression"
                    },
                    "activities": [
                        {
                            "name": "Stored procedure1",
                            "type": "SqlServerStoredProcedure",
                            "dependsOn": [
                                {
                                    "activity": "Copy data1",
                                    "dependencyConditions": [
                                        "Succeeded"
                                    ]
                                }
                            ],
                            "policy": {
                                "timeout": "7.00:00:00",
                                "retry": 0,
                                "retryIntervalInSeconds": 30,
                                "secureOutput": false,
                                "secureInput": false
                            },
                            "userProperties": [],
                            "typeProperties": {
                                "storedProcedureName": "[dbo].[PROC_ETL_LOAD_STATUS]",
                                "storedProcedureParameters": {
                                    "activityname": {
                                        "value": "copyActivity",
                                        "type": "String"
                                    },
                                    "activitystatus": {
                                        "value": {
                                            "value": "@activity('Copy data1').output.executionDetails[0].status",
                                            "type": "Expression"
                                        },
                                        "type": "String"
                                    },
                                    "Createdon": {
                                        "value": {
                                            "value": "@utcnow()",
                                            "type": "Expression"
                                        },
                                        "type": "DateTime"
                                    },
                                    "DataFactoryName": {
                                        "value": {
                                            "value": "@pipeline().DataFactory",
                                            "type": "Expression"
                                        },
                                        "type": "String"
                                    },
                                    "endtime": {
                                        "value": {
                                            "value": "@utcnow()",
                                            "type": "Expression"
                                        },
                                        "type": "DateTime"
                                    },
                                    "ErrorMessage": {
                                        "value": {
                                            "value": "@activity('Copy data1').output.errors",
                                            "type": "Expression"
                                        },
                                        "type": "String"
                                    },
                                    "PipelineName": {
                                        "value": {
                                            "value": "@pipeline().Pipeline",
                                            "type": "Expression"
                                        },
                                        "type": "String"
                                    },
                                    "readrows": {
                                        "value": {
                                            "value": "@activity('Copy data1').output.dataRead",
                                            "type": "Expression"
                                        },
                                        "type": "String"
                                    },
                                    "runid": {
                                        "value": {
                                            "value": "@pipeline().RunId",
                                            "type": "Expression"
                                        },
                                        "type": "String"
                                    },
                                    "starttime": {
                                        "value": {
                                            "value": "@activity('Copy data1').output.executionDetails[0].start",
                                            "type": "Expression"
                                        },
                                        "type": "DateTime"
                                    },
                                    "writerows": {
                                        "value": {
                                            "value": "@activity('Copy data1').output.dataWritten",
                                            "type": "Expression"
                                        },
                                        "type": "String"
                                    }
                                }
                            },
                            "linkedServiceName": {
                                "referenceName": "Metadata_SQLDB_LS",
                                "type": "LinkedServiceReference"
                            }
                        },
                        {
                            "name": "Copy data1",
                            "type": "Copy",
                            "dependsOn": [],
                            "policy": {
                                "timeout": "7.00:00:00",
                                "retry": 0,
                                "retryIntervalInSeconds": 30,
                                "secureOutput": false,
                                "secureInput": false
                            },
                            "userProperties": [],
                            "typeProperties": {
                                "source": {
                                    "type": "BinarySource",
                                    "storeSettings": {
                                        "type": "AzureDataLakeStoreReadSettings",
                                        "recursive": true
                                    },
                                    "formatSettings": {
                                        "type": "BinaryReadSettings"
                                    }
                                },
                                "sink": {
                                    "type": "BinarySink",
                                    "storeSettings": {
                                        "type": "AzureBlobStorageWriteSettings"
                                    }
                                },
                                "enableStaging": false
                            },
                            "inputs": [
                                {
                                    "referenceName": "Source_ADLS_DS",
                                    "type": "DatasetReference",
                                    "parameters": {
                                        "FolderPath": {
                                            "value": "@pipeline().parameters.SourceStore_Location",
                                            "type": "Expression"
                                        },
                                        "Directory": {
                                            "value": "@pipeline().parameters.SourceStore_Directory",
                                            "type": "Expression"
                                        },
                                        "filename": {
                                            "value": "@item().name",
                                            "type": "Expression"
                                        }
                                    }
                                }
                            ],
                            "outputs": [
                                {
                                    "referenceName": "Target_BLOB_DS",
                                    "type": "DatasetReference",
                                    "parameters": {
                                        "FolderPath": {
                                            "value": "@pipeline().parameters.TargetStore_Location",
                                            "type": "Expression"
                                        },
                                        "Directory": {
                                            "value": "@pipeline().parameters.TargetStore_Directory",
                                            "type": "Expression"
                                        },
                                        "filename": {
                                            "value": "*.csv",
                                            "type": "Expression"
                                        }
                                    }
                                }
                            ]
                        }
                    ]
                }
            },
            {
                "name": "Get Metadata1",
                "type": "GetMetadata",
                "dependsOn": [],
                "policy": {
                    "timeout": "7.00:00:00",
                    "retry": 0,
                    "retryIntervalInSeconds": 30,
                    "secureOutput": false,
                    "secureInput": false
                },
                "userProperties": [],
                "typeProperties": {
                    "dataset": {
                        "referenceName": "Source_Folder_Metadata_DS",
                        "type": "DatasetReference",
                        "parameters": {
                            "FolderPath": {
                                "value": "@pipeline().parameters.SourceStore_Location",
                                "type": "Expression"
                            },
                            "Directory": {
                                "value": "@pipeline().parameters.SourceStore_Directory",
                                "type": "Expression"
                            }
                        }
                    },
                    "fieldList": [
                        "childItems"
                    ],
                    "storeSettings": {
                        "type": "AzureDataLakeStoreReadSettings",
                        "recursive": true,
                        "enablePartitionDiscovery": false
                    },
                    "formatSettings": {
                        "type": "BinaryReadSettings"
                    }
                }
            },
            {
                "name": "Filter1",
                "type": "Filter",
                "dependsOn": [
                    {
                        "activity": "Get Metadata1",
                        "dependencyConditions": [
                            "Succeeded"
                        ]
                    }
                ],
                "userProperties": [],
                "typeProperties": {
                    "items": {
                        "value": "@activity('Get Metadata1').output.childitems",
                        "type": "Expression"
                    },
                    "condition": {
                        "value": "@equals(item().type,'File')",
                        "type": "Expression"
                    }
                }
            }
        ],
        "parameters": {
            "SourceStore_Location": {
                "type": "string"
            },
            "SourceStore_Directory": {
                "type": "string"
            },
            "TargetStore_Location": {
                "type": "string"
            },
            "TargetStore_Directory": {
                "type": "string"
            },
            "SourceFileneme": {
                "type": "string"
            },
            "TargetFilename": {
                "type": "string"
            }
        },
        "annotations": []
    },
    "type": "Microsoft.DataFactory/factories/pipelines"
}