{
    "name": "Databricks_Pipeline",
    "properties": {
        "activities": [
            {
                "name": "Channel_Dim",
                "type": "DatabricksNotebook",
                "dependsOn": [],
                "policy": {
                    "timeout": "7.00:00:00",
                    "retry": 0,
                    "retryIntervalInSeconds": 30,
                    "secureOutput": false,
                    "secureInput": false
                },
                "userProperties": [],
                "typeProperties": {
                    "notebookPath": "/Shared/Project_Training_nov_batch/NB_channels_dim"
                },
                "linkedServiceName": {
                    "referenceName": "AzureDatabricks_LS",
                    "type": "LinkedServiceReference"
                }
            },
            {
                "name": "Countries_dim",
                "type": "DatabricksNotebook",
                "dependsOn": [],
                "policy": {
                    "timeout": "7.00:00:00",
                    "retry": 0,
                    "retryIntervalInSeconds": 30,
                    "secureOutput": false,
                    "secureInput": false
                },
                "userProperties": [],
                "typeProperties": {
                    "notebookPath": "/Shared/Project_Training_nov_batch/NB_countries_dim"
                },
                "linkedServiceName": {
                    "referenceName": "AzureDatabricks_LS",
                    "type": "LinkedServiceReference"
                }
            },
            {
                "name": "Customers_Dim",
                "type": "DatabricksNotebook",
                "dependsOn": [],
                "policy": {
                    "timeout": "7.00:00:00",
                    "retry": 0,
                    "retryIntervalInSeconds": 30,
                    "secureOutput": false,
                    "secureInput": false
                },
                "userProperties": [],
                "typeProperties": {
                    "notebookPath": "/Shared/Project_Training_nov_batch/NB_customers_dim"
                },
                "linkedServiceName": {
                    "referenceName": "AzureDatabricks_LS",
                    "type": "LinkedServiceReference"
                }
            },
            {
                "name": "product_dim",
                "type": "DatabricksNotebook",
                "dependsOn": [],
                "policy": {
                    "timeout": "7.00:00:00",
                    "retry": 0,
                    "retryIntervalInSeconds": 30,
                    "secureOutput": false,
                    "secureInput": false
                },
                "userProperties": [],
                "typeProperties": {
                    "notebookPath": "/Shared/Project_Training_nov_batch/NB_product_dim"
                },
                "linkedServiceName": {
                    "referenceName": "AzureDatabricks_LS",
                    "type": "LinkedServiceReference"
                }
            },
            {
                "name": "promotions_dim",
                "type": "DatabricksNotebook",
                "dependsOn": [],
                "policy": {
                    "timeout": "7.00:00:00",
                    "retry": 0,
                    "retryIntervalInSeconds": 30,
                    "secureOutput": false,
                    "secureInput": false
                },
                "userProperties": [],
                "typeProperties": {
                    "notebookPath": "/Shared/Project_Training_nov_batch/NB_promotions_dim"
                },
                "linkedServiceName": {
                    "referenceName": "AzureDatabricks_LS",
                    "type": "LinkedServiceReference"
                }
            },
            {
                "name": "times_dim",
                "type": "DatabricksNotebook",
                "dependsOn": [],
                "policy": {
                    "timeout": "7.00:00:00",
                    "retry": 0,
                    "retryIntervalInSeconds": 30,
                    "secureOutput": false,
                    "secureInput": false
                },
                "userProperties": [],
                "typeProperties": {
                    "notebookPath": "/Shared/Project_Training_nov_batch/NB_times_dim"
                },
                "linkedServiceName": {
                    "referenceName": "AzureDatabricks_LS",
                    "type": "LinkedServiceReference"
                }
            },
            {
                "name": "sales_fact",
                "type": "DatabricksNotebook",
                "dependsOn": [
                    {
                        "activity": "promotions_dim",
                        "dependencyConditions": [
                            "Succeeded"
                        ]
                    },
                    {
                        "activity": "times_dim",
                        "dependencyConditions": [
                            "Succeeded"
                        ]
                    },
                    {
                        "activity": "product_dim",
                        "dependencyConditions": [
                            "Succeeded"
                        ]
                    },
                    {
                        "activity": "Customers_Dim",
                        "dependencyConditions": [
                            "Succeeded"
                        ]
                    },
                    {
                        "activity": "Countries_dim",
                        "dependencyConditions": [
                            "Succeeded"
                        ]
                    },
                    {
                        "activity": "Channel_Dim",
                        "dependencyConditions": [
                            "Succeeded"
                        ]
                    }
                ],
                "policy": {
                    "timeout": "7.00:00:00",
                    "retry": 0,
                    "retryIntervalInSeconds": 30,
                    "secureOutput": false,
                    "secureInput": false
                },
                "userProperties": [],
                "typeProperties": {
                    "notebookPath": "/Shared/Project_Training_nov_batch/NB_sales_fact"
                },
                "linkedServiceName": {
                    "referenceName": "AzureDatabricks_LS",
                    "type": "LinkedServiceReference"
                }
            },
            {
                "name": "If Condition1",
                "type": "IfCondition",
                "dependsOn": [],
                "userProperties": []
            }
        ],
        "annotations": []
    }
}