{
    "name": "main_load_pipeline",
    "properties": {
        "description": "Main ETL Load and its getting metadata\nand calling each pipeline..",
        "activities": [
            {
                "name": "Lookup1",
                "type": "Lookup",
                "dependsOn": [],
                "policy": {
                    "timeout": "7.00:00:00",
                    "retry": 0,
                    "retryIntervalInSeconds": 30,
                    "secureOutput": false,
                    "secureInput": false
                },
                "userProperties": [],
                "typeProperties": {
                    "source": {
                        "type": "AzureSqlSource",
                        "queryTimeout": "02:00:00",
                        "partitionOption": "None"
                    },
                    "dataset": {
                        "referenceName": "AzureSQLJOBDataDS",
                        "type": "DatasetReference"
                    },
                    "firstRowOnly": false
                }
            },
            {
                "name": "ForEach1",
                "type": "ForEach",
                "dependsOn": [
                    {
                        "activity": "Lookup1",
                        "dependencyConditions": [
                            "Succeeded"
                        ]
                    }
                ],
                "userProperties": [],
                "typeProperties": {
                    "items": {
                        "value": "@activity('Lookup1').output.value",
                        "type": "Expression"
                    },
                    "isSequential": false,
                    "activities": [
                        {
                            "name": "child_load_pipeline",
                            "type": "ExecutePipeline",
                            "dependsOn": [],
                            "userProperties": [],
                            "typeProperties": {
                                "pipeline": {
                                    "referenceName": "child_load_pipeline",
                                    "type": "PipelineReference"
                                },
                                "waitOnCompletion": false,
                                "parameters": {
                                    "SourceStore_Location": {
                                        "value": "@item().src_folderpath",
                                        "type": "Expression"
                                    },
                                    "SourceStore_Directory": {
                                        "value": "@item().directory",
                                        "type": "Expression"
                                    },
                                    "TargetStore_Location": {
                                        "value": "@item().tgt_folderpath",
                                        "type": "Expression"
                                    },
                                    "TargetStore_Directory": {
                                        "value": "@item().directory",
                                        "type": "Expression"
                                    }
                                }
                            }
                        }
                    ]
                }
            },
            {
                "name": "Databricks_Pipeline",
                "type": "ExecutePipeline",
                "dependsOn": [
                    {
                        "activity": "ForEach1",
                        "dependencyConditions": [
                            "Succeeded"
                        ]
                    }
                ],
                "userProperties": [],
                "typeProperties": {
                    "pipeline": {
                        "referenceName": "Databricks_Pipeline",
                        "type": "PipelineReference"
                    },
                    "waitOnCompletion": true
                }
            }
        ],
        "annotations": []
    },
    "type": "Microsoft.DataFactory/factories/pipelines"
}