-- Databricks notebook source
-- MAGIC %md
-- MAGIC #### delete files before table creating in `Databricks Community Edition`

-- COMMAND ----------

-- MAGIC %python
-- MAGIC tables=['emp','dept','salgrade','bonus']
-- MAGIC wh_path=spark.conf.get("spark.sql.warehouse.dir")
-- MAGIC for i in tables:
-- MAGIC     dbutils.fs.rm(wh_path+"/"+i,True)

-- COMMAND ----------

-- MAGIC  %fs ls /user/hive/warehouse

-- COMMAND ----------

DROP TABLE IF EXISTS EMP;

CREATE TABLE EMP
(EMPNO DECIMAL(4),
ENAME VARCHAR(10),
JOB VARCHAR(9),
MGR DECIMAL(4),
HIREDATE DATE,
SAL DECIMAL(7, 2),
COMM DECIMAL(7, 2),
DEPTNO DECIMAL(2));

-- COMMAND ----------

INSERT INTO emp VALUES ('7369','SMITH','CLERK','7902','1980-12-17','800.00',NULL,'20');
INSERT INTO emp VALUES ('7499','ALLEN','SALESMAN','7698','1981-02-20','1600.00','300.00','30');
INSERT INTO emp VALUES ('7521','WARD','SALESMAN','7698','1981-02-22','1250.00','500.00','30');
INSERT INTO emp VALUES ('7566','JONES','MANAGER','7839','1981-04-02','2975.00',NULL,'20');
INSERT INTO emp VALUES ('7654','MARTIN','SALESMAN','7698','1981-09-28','1250.00','1400.00','30');
INSERT INTO emp VALUES ('7698','BLAKE','MANAGER','7839','1981-05-01','2850.00',NULL,'30');
INSERT INTO emp VALUES ('7782','CLARK','MANAGER','7839','1981-06-09','2450.00',NULL,'10');
INSERT INTO emp VALUES ('7788','SCOTT','ANALYST','7566','1982-12-09','3000.00',NULL,'20');
INSERT INTO emp VALUES ('7839','KING','PRESIDENT',NULL,'1981-11-17','5000.00',NULL,'10');
INSERT INTO emp VALUES ('7844','TURNER','SALESMAN','7698','1981-09-08','1500.00','0.00','30');
INSERT INTO emp VALUES ('7876','ADAMS','CLERK','7788','1983-01-12','1100.00',NULL,'20');
INSERT INTO emp VALUES ('7900','JAMES','CLERK','7698','1981-12-03','950.00',NULL,'30');
INSERT INTO emp VALUES ('7902','FORD','ANALYST','7566','1981-12-03','3000.00',NULL,'20');
INSERT INTO emp VALUES ('7934','MILLER','CLERK','7782','1982-01-23','1300.00',NULL,'10');
INSERT INTO emp VALUES ('1234','RAVI','IT','7782','1985-06-10','1300.00',NULL,'50');

-- COMMAND ----------

DROP TABLE IF EXISTS DEPT;

CREATE TABLE DEPT
(DEPTNO DECIMAL(2),
DNAME VARCHAR(14),
LOC VARCHAR(13) );

-- COMMAND ----------


INSERT INTO DEPT VALUES (10, 'ACCOUNTING', 'NEW YORK');
INSERT INTO DEPT VALUES (20, 'RESEARCH', 'DALLAS');
INSERT INTO DEPT VALUES (30, 'SALES', 'CHICAGO');
INSERT INTO DEPT VALUES (40, 'OPERATIONS', 'BOSTON');

-- COMMAND ----------

DROP TABLE IF EXISTS BONUS;

CREATE TABLE BONUS
(ENAME VARCHAR(10),
JOB VARCHAR(9),
SAL DECIMAL,
COMM DECIMAL);

DROP TABLE IF EXISTS SALGRADE;

CREATE TABLE SALGRADE
(GRADE DECIMAL,
LOSAL DECIMAL,
HISAL DECIMAL);

-- COMMAND ----------

INSERT INTO SALGRADE VALUES (1, 700, 1200);
INSERT INTO SALGRADE VALUES (2, 1201, 1400);
INSERT INTO SALGRADE VALUES (3, 1401, 2000);
INSERT INTO SALGRADE VALUES (4, 2001, 3000);
INSERT INTO SALGRADE VALUES (5, 3001, 9999);

-- COMMAND ----------


